{
  "pattern_id": "D-02",
  "step": "Step 4 - Singularity Audit",
  "clusters": {
    "SP_D02_STANDARD": {
      "name": "SP_D02_STANDARD",
      "count": 10686,
      "manifold_data": {
        "mean_vector": {
          "E": 0.6130715893606609,
          "O": 0.39959168586615834,
          "M": 0.6660269762596114,
          "S": 0.28575654720570703,
          "R": 0.41079377353797514
        }
      }
    },
    "SP_D02_SYNDICATE": {
      "name": "SP_D02_SYNDICATE",
      "count": 6237,
      "manifold_data": {
        "mean_vector": {
          "E": 0.6150308876955755,
          "O": 0.39801250841174657,
          "M": 0.6655112592523568,
          "S": 0.2869402166737573,
          "R": 0.6537491647450875
        }
      }
    },
    "SP_D02_COLLIDER": {
      "name": "SP_D02_COLLIDER",
      "count": 849,
      "manifold_data": {
        "mean_vector": {
          "E": 0.6126843536356524,
          "O": 0.409434262363426,
          "M": 0.6684884754862987,
          "S": 0.6123156809120092,
          "R": 0.5004050632440561
        }
      }
    }
  }
}