{
  "version": "2.5",
  "physics_kernel": {
    "transfer_matrix": {
      "E_row": {
        "parallel": 0.6,
        "power": -0.1962,
        "wealth": -0.0953,
        "output": 0.0155,
        "combination": 0.0218
      },
      "O_row": {
        "parallel": 0.1,
        "power": 0.5,
        "wealth": -0.2535,
        "output": -0.1834,
        "clash": -0.051,
        "combination": -0.1258
      },
      "M_row": {
        "parallel": 0.0931,
        "resource": 0.0514,
        "power": 0.1616,
        "wealth": 0.0036,
        "output": 0.0164,
        "clash": 0.0021,
        "combination": -0.014
      },
      "S_row": {
        "parallel": 0.0635,
        "resource": 0.018,
        "power": 0.0669,
        "wealth": 0.4562,
        "output": 0.0155,
        "combination": 0.0264
      },
      "R_row": {
        "parallel": 0.0952,
        "resource": 0.008,
        "power": 0.0386,
        "wealth": 0.0207,
        "output": 0.4003,
        "clash": -0.026,
        "combination": 0.0164
      }
    }
  },
  "feature_anchors": {
    "description": "FDS-V1.5 Precision Manifold (Mahalanobis Envelopes)",
    "standard_manifold": {
      "description": "标准态流形 (Standard Manifold) - [FDS-V1.5 Positive Fit]",
      "mean_vector": {
        "E": 0.8546,
        "O": 0.9125,
        "M": 0.4963,
        "S": 0.401,
        "R": 0.348
      },
      "covariance_matrix": [
        [
          0.017988042969778,
          -0.00033908589482749263,
          0.0014857837667675215,
          0.0011554999715258656,
          0.001969319795375573
        ],
        [
          -0.00033908589482749263,
          0.010571372925758705,
          0.0031299974586038097,
          7.963657672254102e-05,
          0.0004631711768407157
        ],
        [
          0.0014857837667675215,
          0.0031299974586038097,
          0.001403607228579639,
          0.0007667036957662237,
          0.0007562429376854512
        ],
        [
          0.0011554999715258656,
          7.963657672254102e-05,
          0.0007667036957662237,
          0.0025565504545371387,
          0.0006106734198355784
        ],
        [
          0.001969319795375573,
          0.0004631711768407157,
          0.0007562429376854512,
          0.0006106734198355784,
          0.0021434092029050675
        ]
      ],
      "inverse_covariance": [
        [
          88.27054608703689,
          140.913601636854,
          -473.0414114974219,
          90.51771461376994,
          29.55917693742317
        ],
        [
          140.91360163685457,
          820.5904965066808,
          -2513.116696332745,
          564.3143698988149,
          419.11603007142566
        ],
        [
          -473.04141149742395,
          -2513.1166963327446,
          8714.292943898012,
          -1953.3629837721849,
          -1540.388370226713
        ],
        [
          90.51771461376973,
          564.3143698988109,
          -1953.3629837721712,
          861.4672450654909,
          238.64287503521092
        ],
        [
          29.559176937425132,
          419.11603007143407,
          -1540.3883702267424,
          238.6428750352201,
          824.3134470571754
        ]
      ],
      "thresholds": {
        "max_mahalanobis_dist": 3.0,
        "min_sai_gating": 0.5,
        "match_threshold": 0.75,
        "perfect_threshold": 0.92
      }
    }
  }
}