{
  "physics_kernel": {
    "transfer_matrix": {
      "E_row": {
        "parallel": 1.0,
        "resource": 0.2,
        "power": -0.6179,
        "wealth": -0.188,
        "output": -0.1543,
        "clash": -0.0358,
        "combination": -0.1237
      },
      "O_row": {
        "parallel": 0.05,
        "power": 0.8,
        "wealth": -0.6662,
        "output": -0.6189,
        "clash": -0.2909,
        "combination": -0.6474
      },
      "M_row": {
        "resource": 0.0987,
        "power": 0.1501,
        "wealth": 0.0382,
        "output": 0.0305,
        "clash": 0.0143,
        "combination": 0.0301
      },
      "S_row": {
        "parallel": 0.1088,
        "resource": 0.0604,
        "power": 0.0946,
        "wealth": 0.1,
        "output": 0.0148,
        "clash": 0.5,
        "combination": 0.0249
      },
      "R_row": {
        "parallel": 0.094,
        "resource": 0.053,
        "power": 0.0825,
        "wealth": 0.021,
        "output": 0.0108,
        "combination": 0.2
      }
    },
    "status": "✅ Fitted (FDS-V1.5 Final Level)"
  },
  "feature_anchors": {
    "description": "FDS-V1.5 Precision Manifold (Mahalanobis Envelopes)",
    "standard_manifold": {
      "description": "标准态流形 (Standard Manifold) - Tokamak Stable",
      "mean_vector": {
        "E": 0.9389,
        "O": 0.9578,
        "M": 0.3459,
        "S": 0.4975,
        "R": 0.4477
      },
      "covariance_matrix": [
        [
          0.062279686308903744,
          -0.014342487169328226,
          -0.004041457389419998,
          0.0015551477033436787,
          0.0007981245694610199
        ],
        [
          -0.014342487169328226,
          0.05220409594383377,
          0.003506577837069188,
          0.0002480507800945836,
          -0.0028094545711072018
        ],
        [
          -0.004041457389419998,
          0.003506577837069188,
          0.0010338397398049037,
          0.0007125478448724988,
          0.0007909275607955328
        ],
        [
          0.0015551477033436787,
          0.0002480507800945836,
          0.0007125478448724988,
          0.0034563749195823273,
          0.0008745090555985188
        ],
        [
          0.0007981245694610199,
          -0.0028094545711072018,
          0.0007909275607955328,
          0.0008745090555985188,
          0.002317415674572412
        ]
      ],
      "inverse_covariance": [
        [
          39.44825567716956,
          -23.417186577051368,
          390.9943150735292,
          -57.80976035789643,
          -153.60522880144998
        ],
        [
          -23.417186577051393,
          58.80700320997299,
          -503.9344084560951,
          51.529497425995565,
          231.9040309360886
        ],
        [
          390.99431507352926,
          -503.93440845609473,
          6931.203717229041,
          -863.9747889416162,
          -2785.158200266543
        ],
        [
          -57.80976035789641,
          51.529497425995366,
          -863.9747889416152,
          435.91607009950957,
          212.75341287275432
        ],
        [
          -153.60522880145012,
          231.90403093608853,
          -2785.158200266545,
          212.75341287275506,
          1635.8409861773905
        ]
      ],
      "thresholds": {
        "max_mahalanobis_dist": 3.0,
        "min_sai_gating": 0.5,
        "match_threshold": 0.75,
        "perfect_threshold": 0.92
      }
    },
    "activated_manifold": {
      "description": "激活态流形 (Activated Manifold) - Sudden Discharge",
      "mean_vector": {
        "E": 0.9208,
        "O": 0.9798,
        "M": 0.3708,
        "S": 1.1101,
        "R": 0.4402
      },
      "covariance_matrix": [
        [
          0.04837105670095864,
          -0.020116010280825377,
          -0.0032365133835668566,
          0.005273958679448724,
          0.0018994076158219911
        ],
        [
          -0.020116010280825377,
          0.04073682743671155,
          0.004704642455391961,
          -0.008190057181039457,
          0.0010589107892397555
        ],
        [
          -0.0032365133835668566,
          0.004704642455391961,
          0.00080341424613155,
          0.0001148719497631372,
          0.0004289767638523199
        ],
        [
          0.005273958679448724,
          -0.008190057181039457,
          0.0001148719497631372,
          0.011636451089085703,
          0.000573908469587397
        ],
        [
          0.0018994076158219911,
          0.0010589107892397555,
          0.0004289767638523199,
          0.000573908469587397,
          0.0009207950396699977
        ]
      ],
      "inverse_covariance": [
        [
          28.739398886375678,
          18.838283045063317,
          -21.519131915619848,
          3.369600480723195,
          -53.14080741964851
        ],
        [
          18.838283045063317,
          48.96968778802544,
          -47.38070326128882,
          32.21621108368964,
          -129.10695576006
        ],
        [
          -21.51913191561984,
          -47.380703261288815,
          169.43430258116166,
          -40.40463485474641,
          423.90861916567695
        ],
        [
          3.369600480723208,
          32.21621108368968,
          -40.40463485474649,
          113.2378796820004,
          -126.03269906618813
        ],
        [
          -53.14080741964845,
          -129.1069557600599,
          423.9086191656767,
          -126.03269906618779,
          1067.8824524591644
        ]
      ],
      "thresholds": {
        "max_mahalanobis_dist": 4.5,
        "min_sai_gating": 0.8,
        "match_threshold": 0.65,
        "perfect_threshold": 0.9
      }
    }
  }
}