{
  "case_id": "JASON_B_T1964_0910",
  "case_name": "Jason B (身弱用印)",
  "best_params": {
    "seal_bonus": 43.760863817876505,
    "seal_multiplier": 0.8538383478739885,
    "clash_damping_limit": 0.28201242336111154,
    "seal_conduction_multiplier": 1.744537844089469,
    "opportunity_scaling": 1.8951740199853988
  },
  "best_loss": 2025.374328621305,
  "iterations": 20
}