{
  "pattern_id": "B-02",
  "step": "Step 3 - Matrix Fitting (V1.5.1)",
  "meta_info": {
    "category": "TALENT",
    "display_name": "Hurting Officer",
    "chinese_name": "伤官格",
    "version": "1.5.1",
    "compliance": "FDS-V1.5.1",
    "physics_type": "Dissipative Structure"
  },
  "physics_kernel": {
    "description": "Dissipative Lens. High Output, High Reactivity (S). Requires Cooling (M/Resource).",
    "transfer_matrix": {
      "E_row": {
        "Day_Master": 1.2,
        "Resource": 1.2,
        "Indirect_Resource": 0.8
      },
      "O_row": {
        "Hurting_Officer": 2.5,
        "Eating_God": 1.0,
        "Direct_Officer": -1.5,
        "Seven_Killings": 0.5
      },
      "M_row": {
        "Direct_Wealth": 1.5,
        "Indirect_Wealth": 1.2
      },
      "S_row": {
        "Hurting_Officer": 2.0,
        "Direct_Officer": 3.0,
        "Seven_Killings": 1.5,
        "Resource": -2.0,
        "Direct_Wealth": -1.0
      },
      "R_row": {
        "Friend": 0.5,
        "Rob_Wealth": 0.5
      }
    },
    "tensor_dynamics": {
      "activation_function": "tanh_variant",
      "parameters": {
        "k_factor": 1.5
      }
    },
    "integrity_threshold": 0.6
  },
  "feature_anchors": {
    "description": "Standard Dissipative Manifold",
    "standard_manifold": {
      "mean_vector": {
        "E": 0.6147238119029429,
        "O": 0.5879403854741945,
        "M": 0.39074451932774623,
        "S": 0.42256056700252775,
        "R": 0.48370889039699483
      },
      "covariance_matrix": [
        [
          0.01201705746522445,
          -0.00021824435846493428,
          0.00040369047909684873,
          -0.0002710514739848821,
          0.00015305254442463408
        ],
        [
          -0.00021824435846493428,
          0.0034348450778958275,
          -0.0003953320148428168,
          -0.00032005590051252037,
          0.0005048402525282869
        ],
        [
          0.00040369047909684873,
          -0.0003953320148428168,
          0.036632941978167764,
          -0.0004898759402352692,
          0.0015488024201585455
        ],
        [
          -0.0002710514739848821,
          -0.00032005590051252037,
          -0.0004898759402352692,
          0.007487720285892719,
          0.001196088097095031
        ],
        [
          0.00015305254442463408,
          0.0005048402525282869,
          0.0015488024201585455,
          0.001196088097095031,
          0.018615324239125784
        ]
      ],
      "thresholds": {
        "max_mahalanobis_dist": 3.0
      }
    }
  }
}