{
  "analysis_date": "1765974978.5322175",
  "test_cases_count": 1,
  "parameters": {
    "energy_threshold_center": {
      "parameter_name": "energy_threshold_center",
      "parameter_range": [
        1.0,
        1.2105263157894737,
        1.4210526315789473,
        1.631578947368421,
        1.8421052631578947,
        2.052631578947368,
        2.263157894736842,
        2.473684210526316,
        2.6842105263157894,
        2.894736842105263,
        3.1052631578947367,
        3.3157894736842106,
        3.526315789473684,
        3.7368421052631575,
        3.9473684210526314,
        4.157894736842105,
        4.368421052631579,
        4.578947368421052,
        4.789473684210526,
        5.0
      ],
      "losses": [
        624.9999896942313,
        624.9999153972432,
        624.9993054739651,
        624.9942984702096,
        624.9531957964324,
        624.615849762509,
        621.8516460929885,
        599.5042493916335,
        437.7245265935102,
        0.7603989473324034,
        2413.559541879724,
        5029.911245300782,
        5547.981836366106,
        5615.546988537587,
        5623.847431194107,
        5624.859585636725,
        5624.982895384623,
        5624.997916421509,
        5624.999746191722,
        5624.999969082696
      ],
      "sensitivity": [
        -0.0003529106936923654,
        -0.0016250231319645536,
        -0.013340201704750143,
        -0.10951048414040088,
        -0.8988156807886298,
        -7.366180545678844,
        -59.64005088082922,
        -437.3019088112619,
        -1422.0166448052166,
        4692.608161304744,
        11944.23326008943,
        7444.252949405146,
        1390.8848901874135,
        180.1807877165047,
        22.11741811045249,
        2.6967274524740787,
        0.32853561386218644,
        0.040020666860073106,
        0.0048750703208497725,
        0.0010587321280581786
      ],
      "optimal_value": 2.894736842105263,
      "optimal_loss": 0.7603989473324034,
      "sensitivity_range": [
        -1422.0166448052166,
        11944.23326008943
      ]
    },
    "phase_transition_width": {
      "parameter_name": "phase_transition_width",
      "parameter_range": [
        1.0,
        2.0,
        3.0,
        4.0,
        5.0,
        6.0,
        7.0,
        8.0,
        9.0,
        10.0,
        11.0,
        12.0,
        13.0,
        14.0,
        15.0,
        16.0,
        17.0,
        18.0,
        19.0,
        20.0
      ],
      "losses": [
        625.0,
        625.0,
        625.0,
        625.0,
        625.0,
        625.0,
        625.0,
        625.0,
        625.0,
        625.0,
        625.0,
        625.0,
        625.0,
        625.0,
        625.0,
        625.0,
        625.0,
        625.0,
        625.0,
        625.0
      ],
      "sensitivity": [
        0.0,
        0.0,
        0.0,
        0.0,
        0.0,
        0.0,
        0.0,
        0.0,
        0.0,
        0.0,
        0.0,
        0.0,
        0.0,
        0.0,
        0.0,
        0.0,
        0.0,
        0.0,
        0.0,
        0.0
      ],
      "optimal_value": 1.0,
      "optimal_loss": 625.0,
      "sensitivity_range": [
        0.0,
        0.0
      ]
    },
    "attention_dropout": {
      "parameter_name": "attention_dropout",
      "parameter_range": [
        0.0,
        0.02631578947368421,
        0.05263157894736842,
        0.07894736842105263,
        0.10526315789473684,
        0.13157894736842105,
        0.15789473684210525,
        0.18421052631578946,
        0.21052631578947367,
        0.23684210526315788,
        0.2631578947368421,
        0.2894736842105263,
        0.3157894736842105,
        0.3421052631578947,
        0.3684210526315789,
        0.39473684210526316,
        0.42105263157894735,
        0.4473684210526315,
        0.47368421052631576,
        0.5
      ],
      "losses": [
        625.0,
        625.0,
        625.0,
        625.0,
        625.0,
        625.0,
        625.0,
        625.0,
        625.0,
        625.0,
        625.0,
        624.9999999999985,
        625.0,
        625.0,
        625.0,
        624.9999999999985,
        625.0,
        625.0,
        625.0,
        625.0
      ],
      "sensitivity": [
        0.0,
        0.0,
        0.0,
        0.0,
        0.0,
        0.0,
        0.0,
        0.0,
        0.0,
        0.0,
        -2.7284841053187847e-11,
        -3.637978807091713e-12,
        2.7284841053187847e-11,
        3.637978807091713e-12,
        -2.9103830456733704e-11,
        -3.637978807091713e-12,
        2.7284841053187847e-11,
        3.637978807091713e-12,
        0.0,
        0.0
      ],
      "optimal_value": 0.2894736842105263,
      "optimal_loss": 624.9999999999985,
      "sensitivity_range": [
        -2.9103830456733704e-11,
        2.7284841053187847e-11
      ]
    }
  },
  "summary": {
    "most_sensitive_parameter": "energy_threshold_center",
    "recommendations": [
      "energy_threshold_center 高度敏感，建议优先调优。当前最优值: 2.8947",
      "phase_transition_width 低敏感，可以保持默认值。当前最优值: 1.0000",
      "attention_dropout 低敏感，可以保持默认值。当前最优值: 0.2895"
    ]
  }
}