{
  "audit_stats": {
    "SP_A01_STANDARD": 477,
    "SP_A01_OVERCONTROL": 23
  },
  "sub_patterns": [
    {
      "id": "SP_A01_STANDARD",
      "name": "The Bureaucrat (标准正官)",
      "type": "DEFAULT",
      "manifold_data": {
        "mean_vector": {
          "E": 0.6346272738266705,
          "O": 0.6271058680163476,
          "M": 0.3902541951994402,
          "S": 0.18824426867716096,
          "R": 0.4949023681985285
        },
        "covariance_matrix": [
          [
            0.009040458742538586,
            -0.00014257939391023195,
            0.0003482359040364933,
            0.00012503607979234816,
            -0.0006394531476863847
          ],
          [
            -0.00014257939391023195,
            0.0019598115178302094,
            -7.041814690210759e-05,
            -0.00014033686113705486,
            0.00014948883104303598
          ],
          [
            0.0003482359040364933,
            -7.041814690210759e-05,
            0.038104464941890195,
            -0.00035906862561045703,
            -0.0001764146053091442
          ],
          [
            0.00012503607979234816,
            -0.00014033686113705486,
            -0.00035906862561045703,
            0.005829514434986171,
            -0.0008576501878437482
          ],
          [
            -0.0006394531476863847,
            0.00014948883104303598,
            -0.0001764146053091442,
            -0.0008576501878437482,
            0.019296914315441088
          ]
        ],
        "thresholds": {
          "max_mahalanobis_dist": 2.5
        }
      }
    },
    {
      "id": "SP_A01_OVERCONTROL",
      "name": "The Rigid (清官/僵化)",
      "type": "SINGULARITY",
      "description": "Excessive Order leading to brittleness. Resistant to change.",
      "matrix_override": {
        "transfer_matrix": {
          "S_row": {
            "Seven_Killings": 2.0
          },
          "O_row": {
            "Direct_Officer": 2.5
          }
        }
      },
      "manifold_data": {
        "mean_vector": {
          "E": 0.6346272738266705,
          "O": 0.6271058680163476,
          "M": 0.3902541951994402,
          "S": 0.18824426867716096,
          "R": 0.4949023681985285
        }
      }
    }
  ]
}