{
  "transfer_matrix": {
    "E_row": {
      "bi_jian": 0.8,
      "jie_cai": 0.0745,
      "shi_shen": -0.1447,
      "shang_guan": -0.1417,
      "pian_cai": -0.1288,
      "zheng_cai": -0.2,
      "qi_sha": 0.017,
      "zheng_guan": 0.0054,
      "pian_yin": 0.3886,
      "zheng_yin": 0.5,
      "power": -0.0167,
      "wealth": -0.3356,
      "output": -0.2454,
      "clash": -0.0341
    },
    "O_row": {
      "bi_jian": 0.0686,
      "jie_cai": 0.3678,
      "shi_shen": -0.0215,
      "shang_guan": 0.1141,
      "pian_cai": 0.1564,
      "zheng_cai": 0.1671,
      "qi_sha": 0.0815,
      "zheng_guan": 0.5,
      "pian_yin": -0.0466,
      "zheng_yin": 0.1237,
      "parallel": -0.2472,
      "resource": 0.0396,
      "wealth": -0.1891,
      "output": -0.0034,
      "clash": -0.1083
    },
    "M_row": {
      "bi_jian": -0.6364,
      "jie_cai": -1.0,
      "shi_shen": 0.4553,
      "shang_guan": 0.5089,
      "pian_cai": 0.6223,
      "zheng_cai": 1.2,
      "qi_sha": 0.0769,
      "zheng_guan": 0.1878,
      "pian_yin": -0.5076,
      "zheng_yin": -0.534,
      "parallel": -0.4679,
      "resource": -0.2,
      "power": -0.1614,
      "output": 0.2549,
      "clash": -0.0049
    },
    "S_row": {
      "bi_jian": -0.0743,
      "jie_cai": 0.0168,
      "shi_shen": 0.3152,
      "shang_guan": 0.2253,
      "pian_cai": 0.0103,
      "zheng_cai": -0.1392,
      "qi_sha": 0.3,
      "zheng_guan": -0.0483,
      "pian_yin": 0.019,
      "zheng_yin": -0.0419,
      "parallel": -0.0897,
      "resource": -0.0242,
      "wealth": 0.1,
      "output": -0.2668,
      "clash": 0.5
    },
    "R_row": {
      "bi_jian": 0.0123,
      "jie_cai": 0.0043,
      "shi_shen": 0.0083,
      "shang_guan": 0.0111,
      "pian_cai": 0.0202,
      "zheng_cai": 0.0238,
      "qi_sha": 0.0122,
      "zheng_guan": 0.0136,
      "pian_yin": 0.005,
      "zheng_yin": 0.0119,
      "parallel": 0.0142,
      "resource": 0.0148,
      "power": 0.005,
      "output": 0.0163
    }
  },
  "covariance_matrix": [
    [
      0.04783720872543434,
      -0.012684911101762472,
      -0.07747927520653297,
      -0.011059558062918678,
      -0.0006458376670829086
    ],
    [
      -0.012684911101762472,
      0.12885850074972377,
      -0.005985729592321427,
      -0.015429610408752122,
      0.0002207737760799865
    ],
    [
      -0.07747927520653297,
      -0.005985729592321427,
      0.1845946877422739,
      -0.010931713421541794,
      0.0017630861285515892
    ],
    [
      -0.011059558062918678,
      -0.015429610408752122,
      -0.010931713421541794,
      0.13167656613302128,
      -0.00010453836568908183
    ],
    [
      -0.0006458376670829086,
      0.0002207737760799865,
      0.0017630861285515892,
      -0.00010453836568908183,
      7.504441702726684e-05
    ]
  ]
}