{
  "D-02": {
    "id": "D-02",
    "name": "Indirect Wealth Pattern (偏财格)",
    "version": "2.4",
    "active": true,
    "meta_info": {
      "pattern_id": "D-02",
      "name": "偏财格",
      "version": "2.4",
      "physics_prototype": "Dynamic Venture Field (非线性财富流形)",
      "compliance": "FDS-V1.5.1"
    },
    "physics_kernel": {
      "description": "D-02 Core Physics",
      "transfer_matrix": {
        "M_row": {
          "Indirect_Wealth": 1.5,
          "Direct_Wealth": 0.5,
          "Rob_Wealth": -1.2,
          "clash": 0.2
        },
        "E_row": {
          "Friend": 1.0,
          "Direct_Resource": 0.8,
          "Indirect_Resource": 0.8
        },
        "O_row": {
          "Eating_God": 1.0,
          "Hurting_Officer": 1.2,
          "Direct_Officer": 0.3
        },
        "S_row": {
          "Seven_Killings": 1.0,
          "clash": 0.8,
          "Indirect_Resource": -0.5
        },
        "R_row": {
          "combination": 1.0,
          "Friend": 0.5,
          "Rob_Wealth": 0.3
        }
      },
      "tensor_dynamics": {
        "activation_function": "sigmoid_variant",
        "parameters": {
          "k_factor": 2.0
        }
      },
      "integrity_threshold": 0.4
    },
    "feature_anchors": {
      "description": "D-02 Manifold Stats",
      "standard_manifold": {
        "mean_vector": {
          "E": 0.2261,
          "O": 0.1598,
          "M": 0.3209,
          "S": 0.148,
          "R": 0.1397
        },
        "covariance_matrix": [
          [
            0.008818012859959918,
            -0.0021678883863727456,
            -0.007154843354869742,
            -0.0031288045146292574,
            0.002928621848817637
          ],
          [
            -0.0021678883863727456,
            0.010988420545090178,
            -0.00578981438236473,
            -0.001792429394789578,
            -0.001167612109018036
          ],
          [
            -0.007154843354869742,
            -0.00578981438236473,
            0.026125060409258504,
            -0.0064799098092184326,
            -0.006288333493066131
          ],
          [
            -0.0031288045146292574,
            -0.001792429394789578,
            -0.0064799098092184326,
            0.014871408921843689,
            -0.00230213746773547
          ],
          [
            0.002928621848817637,
            -0.001167612109018036,
            -0.006288333493066131,
            -0.00230213746773547,
            0.006534449325210417
          ]
        ],
        "inverse_covariance": [
          [
            2237.755884388605,
            1994.4902222110709,
            1981.015130703566,
            1871.4806379091397,
            1919.2037505583235
          ],
          [
            1994.49022221107,
            1950.8773028737567,
            1863.2040144625378,
            1755.5051184621275,
            1866.2050969694812
          ],
          [
            1981.0151307035655,
            1863.2040144625378,
            1876.7093387425766,
            1748.1057539193037,
            1866.9682344004357
          ],
          [
            1871.4806379091394,
            1755.5051184621277,
            1748.1057539193039,
            1706.4784614750095,
            1758.3899334022656
          ],
          [
            1919.2037505583223,
            1866.2050969694803,
            1866.9682344004352,
            1758.3899334022647,
            2042.4912943877082
          ]
        ],
        "thresholds": {
          "max_mahalanobis_dist": 3.5,
          "match_threshold": 0.75,
          "min_sai_gating": 0.4
        }
      }
    },
    "audit_trail": {
      "history": [
        {
          "action": "D-02 Mining & Fitting",
          "date": "2025-12-31"
        }
      ]
    },
    "algorithm_implementation": {
      "paths": {
        "energy_calculation": "core.physics_engine.compute_energy_flux",
        "tensor_projection": "core.math_engine.project_tensor_with_matrix",
        "pattern_recognition": "core.registry_loader.pattern_recognition"
      }
    }
  }
}